ma_kh,ten_kh,norm,so_dong,tong_tien,cac_thang
"LP-VŨDVD","KH Vũ DVD",lpvũdvd,38,87750000,"2025-03, 2025-05, 2025-06, 2025-08, 2025-09, 2025-11"
"LP1303","KH Tuấn Led",lp1303,10,87250000,"2025-02, 2025-11, 2025-12, 2026-01"
"LP1018","Đại lý ONL",lp1018,120,67370000,"2025-01, 2025-02, 2025-03, 2025-04, 2025-05, 2025-06, 2025-07, 2025-08, 2025-09, 2025-10, 2025-11, 2025-12, 2026-09"
"LP1237","KH Nguyễn Cường Auto ( X auto )- Không gửi phiếu",lp1237,27,31650000,"2025-02, 2025-03, 2025-04, 2025-07, 2025-10, 2025-12, 2026-01, 2026-02, 2026-03"
"LP1185","Cửa hàng Nội thất Việt Anh( HT)",lp1185,13,17590000,"2025-01, 2025-03, 2025-05"
"LP1160","Cửa hàng NT oto Hay Huế",lp1160,30,13125000,"2025-01, 2025-02, 2025-05, 2025-06, 2025-07, 2025-10, 2025-12, 2026-01, 2026-03, 2026-05"
"LP1403","Gương đèn ô tô Hoàng Thái",lp1403,17,12150000,"2025-02, 2025-03, 2025-04, 2025-07, 2025-10, 2026-01, 2026-05, 2026-08"
"LP1231","Cửa hàng Phụ tùng ô tô Phúc Lâm",lp1231,15,11240000,"2025-07, 2025-11, 2026-03"
"LP1235","KH Anh Tuyến Tuyên Quang",lp1235,20,10460000,"2025-02, 2025-07, 2025-08, 2025-09, 2025-11, 2026-05, 2026-06, 2026-08"
"LP1170","Gara Đức Huy",lp1170,9,9785000,"2025-01, 2025-02, 2025-03, 2025-05"
"LP1406","NT ô tô Văn Minh",lp1406,9,9000000,"2025-02, 2025-03, 2025-05, 2025-12"
"LP1219","Gara oto An Phúc",lp1219,17,8345000,"2025-02, 2025-03, 2025-05, 2025-06, 2025-07, 2025-12, 2026-01, 2026-02, 2026-03"
"LP1198","KH A Kee - Lào",lp1198,2,6840000,"2025-05"
"LP1407","KH Gương đèn Dũng Huế",lp1407,1,4500000,"2025-02"
"LP1324","Cửa hàng NT Việt Anh ( Phú Thọ)",lp1324,2,3000000,"2025-03"
"LP1159","Cửa hàng NT Quang Phú",lp1159,2,2500000,"2025-02"
"LP1179","Cửa hàng NT Sơn Hiệp",lp1179,2,2500000,"2025-06"
"LP1227","CH Hằng Thành",lp1227,2,2100000,"2025-03"
"LP1313","Gara Huy",lp1313,1,1600000,"2026-06"
"LP - DONGTIN","Phụ tùng ô tô ĐÔNG TÍN",lpdongtin,3,1500000,"2025-11, 2025-12"
"LP1013","Khách lẻ HN",lp1013,11,1460000,"2025-04, 2025-09, 2025-10"
"LP1202","Cửa hàng Nội thất ô tô Thăng Long ( NA)",lp1202,1,970000,"2025-12"
"LP1427","KH NT ô tô Thạch Anh",lp1427,4,0,"2025-07, 2025-09"
"LP1200","Cửa hàng Phụ tùng ô tô Hương Thủy",lp1200,2,0,"2025-11"
"LP1245","Cửa hàng NT Trần Kiên",lp1245,8,0,"2025-01, 2025-04, 2025-05, 2025-08"
"LP1353","Cửa hàng Độ xe ô tô Đức Chung",lp1353,2,0,"2025-03"
"LP1370","PT ô tô Hoàng Nam",lp1370,5,0,"2025-05, 2025-06"
